{
  "parameters": {
    "N": 32,
    "Re": 125,
    "nu": 0.008,
    "dt": 0.004,
    "T_final": 5.0
  },
  "time": [
    0.2,
    0.4,
    0.6,
    0.8,
    1.0,
    1.2,
    1.4000000000000001,
    1.6,
    1.8,
    2.0,
    2.2,
    2.4,
    2.6,
    2.8000000000000003,
    3.0,
    3.2,
    3.4,
    3.6,
    3.8000000000000003,
    4.0,
    4.2,
    4.4,
    4.6000000000000005,
    4.8,
    5.0
  ],
  "energy": [
    0.12380410373682638,
    0.12260997364883178,
    0.12140822582831415,
    0.12018966224648223,
    0.11894512791428323,
    0.11766547298025985,
    0.11634161883822516,
    0.1149647305410651,
    0.11352649581955225,
    0.11201948933314766,
    0.11043756021101488,
    0.10877615066384139,
    0.10703246425349985,
    0.10520545239050529,
    0.10329564734635441,
    0.10130491105274454,
    0.09923617713784799,
    0.09709323708637449,
    0.09488057549738513,
    0.09260323119886754,
    0.09026667726202414,
    0.08787675007183815,
    0.08543966470956461,
    0.08296211688539631,
    0.08045142622067009
  ],
  "enstrophy": [
    0.7458893915301321,
    0.7477481164881594,
    0.7553933012147698,
    0.768764428634183,
    0.7878572805635686,
    0.8126588650671689,
    0.8430820512040984,
    0.8788980704554183,
    0.9196729907234529,
    0.9647292842147508,
    1.0131586898893439,
    1.06389435148533,
    1.115821038429964,
    1.1678856041541281,
    1.2191739807162123,
    1.2689385697412385,
    1.3165822102193232,
    1.3616242789592568,
    1.4036765248522096,
    1.442432928525264,
    1.4776516936472954,
    1.5091110283510791,
    1.5365497973387496,
    1.5596238784121805,
    1.5778997624597597
  ],
  "peak_time": 5.0,
  "peak_enstrophy": 1.5778997624597597,
  "wall_time_seconds": 114.10551190376282
}